slug,category,status,featured,title_en,excerpt_en,content_en,metaTitle_en,metaDescription_en,tags_en,title_fr,excerpt_fr,content_fr,metaTitle_fr,metaDescription_fr,tags_fr,title_ar,excerpt_ar,content_ar,metaTitle_ar,metaDescription_ar,tags_ar
best-places-visit-morocco,destinations,published,true,"10 Best Places to Visit in Morocco in 2026","Discover the most enchanting destinations in Morocco, from ancient medinas to stunning desert landscapes.","## Introduction

Morocco is a land of contrasts...

## 1. Marrakech

The red city...

## 2. Fes

The cultural capital...","10 Best Places to Visit in Morocco in 2026 | Travel Guide","Explore Morocco's top destinations including Marrakech, Fes, Sahara Desert, and more. Complete travel guide with tips and recommendations.","Morocco|Travel Guide|North Africa|Destinations","Les 10 meilleurs endroits à visiter au Maroc en 2026","Découvrez les destinations les plus enchanteresses du Maroc, des médinas anciennes aux paysages désertiques époustouflants.","## Introduction

Le Maroc est une terre de contrastes...

## 1. Marrakech

La ville rouge...","Les 10 meilleurs endroits à visiter au Maroc | Guide de voyage","Explorez les principales destinations du Maroc incluant Marrakech, Fès, le Sahara et plus encore.","Maroc|Guide de voyage|Afrique du Nord|Destinations","أفضل 10 أماكن لزيارتها في المغرب في 2026","اكتشف أجمل الوجهات في المغرب، من المدن القديمة إلى المناظر الصحراوية الخلابة.","## المقدمة

المغرب أرض التناقضات...

## 1. مراكش

المدينة الحمراء...","أفضل 10 أماكن لزيارتها في المغرب | دليل السفر","استكشف أهم الوجهات في المغرب بما في ذلك مراكش وفاس والصحراء الكبرى والمزيد.","المغرب|دليل السفر|شمال أفريقيا|وجهات"
budget-travel-tips-europe,tips,published,false,"Budget Travel Tips for Europe 2026","Save money while exploring Europe with these proven budget travel strategies.","## Introduction

Traveling Europe doesn't have to break the bank...

## Accommodation Tips

Consider hostels and Airbnb...

## Transportation

Use budget airlines and trains...","Budget Travel Tips for Europe | Save Money on Your Trip","Learn how to travel Europe on a budget with accommodation, transportation, and food-saving tips.","Budget Travel|Europe|Travel Tips|Money Saving","Conseils de voyage économique pour l'Europe 2026","Économisez de l'argent en explorant l'Europe avec ces stratégies éprouvées.","## Introduction

Voyager en Europe n'a pas besoin de ruiner votre budget...","Conseils de voyage économique pour l'Europe","Apprenez à voyager en Europe avec un budget limité.","Voyage économique|Europe|Conseils de voyage","نصائح السفر الاقتصادي لأوروبا 2026","وفر المال أثناء استكشاف أوروبا مع هذه الاستراتيجيات المجربة.","## المقدمة

السفر في أوروبا لا يجب أن يكون مكلفًا...","نصائح السفر الاقتصادي لأوروبا","تعلم كيفية السفر في أوروبا بميزانية محدودة.","سفر اقتصادي|أوروبا|نصائح السفر"
